{"charts/timesteps_per_episode": 21, "charts/episode_time": 0.09688600152730942, "metrics/scalarized_episode_return": 5.30639932802587, "metrics/discounted_scalarized_episode_return": 3.542620457983622, "global_step": 4000, "_timestamp": 1697633949.127842, "metrics/episode_return_obj_0": 23.700000762939453, "metrics/disc_episode_return_obj_0": 19.1905517578125, "_runtime": 72.57320284843445, "_step": 664, "metrics/episode_return_obj_1": -21.0, "metrics/disc_episode_return_obj_1": -18.83694076538086, "metrics/policy_index": [], "losses/grad_norm": 0.00691885594278574, "metrics/mean_priority": 0.24022436141967773, "metrics/max_priority": 0.8228402137756348, "metrics/mean_td_error_w": 0.11698166280984879, "losses/critic_loss": 0.0008649438968859613, "metrics/epsilon": 0.01, "eval/scalarized_return": 0.1317541335717668, "eval/scalarized_discounted_return": 0.1317541335717668, "eval/vec_0": 0.699999988079071, "eval/discounted_vec_0": 0.699999988079071, "eval/vec_1": -1.0, "eval/discounted_vec_1": -1.0, "eval/hypervolume": 0.0, "eval/sparsity": 0.0, "eval/eum": -0.14999119710373252, "eval/front": {"_type": "table-file", "sha256": "9204f710ab3dff3e8934f8b09e1743c7906f70fb496e9747ee2ea0c8de30448f", "size": 80, "artifact_path": "wandb-client-artifact://d2xchiuw0tuq2z5dofx0yb3uvpiswmtzuve0pez8qx780mucl4kyrcexq1yg65pbvxy2xc8a1qjf5dyagm8t1bfzt2prbkkvj6fgd4dp1vmjjbwjskyapclpypqeb2jg:latest/eval/front.table.json", "_latest_artifact_path": "wandb-client-artifact://d2xchiuw0tuq2z5dofx0yb3uvpiswmtzuve0pez8qx780mucl4kyrcexq1yg65pbvxy2xc8a1qjf5dyagm8t1bfzt2prbkkvj6fgd4dp1vmjjbwjskyapclpypqeb2jg:latest/eval/front.table.json", "path": "media/table/eval/front_662_9204f710ab3dff3e8934.table.json", "ncols": 2, "nrows": 1}, "eval/igd": 15.32411393348041, "eval/mul": 19.077976158288003, "eval/Mean Utility - GPI": -19.173378211727623, "iteration": 1}