{"eval/scalarized_return": -1.0000000000000002, "eval/scalarized_discounted_return": -1.0000000000000002, "global_step": 7700, "_timestamp": 1697715941.3251953, "_runtime": 885.9510462284088, "_step": 39439, "eval/vec_0": 0.699999988079071, "eval/discounted_vec_0": 0.699999988079071, "eval/vec_1": -1.0, "eval/discounted_vec_1": -1.0, "charts/timesteps_per_episode": 1, "charts/episode_time": 0.0017089999746531248, "metrics/scalarized_episode_return": -1.0000000000000002, "metrics/discounted_scalarized_episode_return": -0.9900000095367434, "metrics/episode_return_obj_0": 0.699999988079071, "metrics/disc_episode_return_obj_0": 0.6929999589920044, "metrics/episode_return_obj_1": -1.0, "metrics/disc_episode_return_obj_1": -0.9900000095367432, "metrics/policy_index": 1, "losses/grad_norm": 0.0020409580320119858, "metrics/mean_priority": 0.06896766275167465, "metrics/max_priority": 0.14017896354198456, "metrics/mean_td_error_w": 0.005276442971080542, "losses/critic_loss": 0.0006455793252825969, "metrics/epsilon": 0.01, "eval/hypervolume": 0.0, "eval/sparsity": 0.0, "eval/eum": -0.14999119710373252, "eval/front": {"_type": "table-file", "sha256": "9204f710ab3dff3e8934f8b09e1743c7906f70fb496e9747ee2ea0c8de30448f", "size": 80, "artifact_path": "wandb-client-artifact://epxb3t3pulxbkqopi9gfx9bfeuop0taaeb5jymp4so1ey064i5lt0u377ikisg9k9pj7jcwocmok0iw19cf7zc11j060c30bx2cbygrqvr4h4s1fk8i3te0ohp5bhjpo:latest/eval/front.table.json", "_latest_artifact_path": "wandb-client-artifact://epxb3t3pulxbkqopi9gfx9bfeuop0taaeb5jymp4so1ey064i5lt0u377ikisg9k9pj7jcwocmok0iw19cf7zc11j060c30bx2cbygrqvr4h4s1fk8i3te0ohp5bhjpo:latest/eval/front.table.json", "path": "media/table/eval/front_20189_9204f710ab3dff3e8934.table.json", "ncols": 2, "nrows": 1}, "eval/igd": 15.32411393348041, "eval/mul": 19.077976158288003, "eval/Mean Utility - GPI": -0.15432047682549213, "iteration": 1}