{"losses/grad_norm": 0.08055537194013596, "global_step": 3047, "_timestamp": 1697638701.1378999, "_runtime": 84.85789179801941, "_step": 704, "metrics/mean_priority": 0.3608291447162628, "metrics/max_priority": 1.125476598739624, "metrics/mean_td_error_w": 0.2061527967453003, "losses/critic_loss": 0.0014904929557815194, "metrics/epsilon": 0.01, "charts/timesteps_per_episode": 5, "charts/episode_time": 0.060683999210596085, "metrics/scalarized_episode_return": -2.2057972053773085, "metrics/discounted_scalarized_episode_return": -2.1741854380841192, "metrics/episode_return_obj_0": 8.199999809265137, "metrics/disc_episode_return_obj_0": 7.7981181144714355, "metrics/episode_return_obj_1": -5.0, "metrics/disc_episode_return_obj_1": -4.851984977722168, "metrics/policy_index": [0, 5], "eval/scalarized_return": 0.0004670644463414253, "eval/scalarized_discounted_return": 0.0004670644463414253, "eval/vec_0": 0.699999988079071, "eval/discounted_vec_0": 0.699999988079071, "eval/vec_1": -1.0, "eval/discounted_vec_1": -1.0}