{"losses/grad_norm": 0.024215053766965866, "global_step": 5686, "_timestamp": 1697639167.549579, "_runtime": 295.4625689983368, "_step": 1534, "metrics/mean_priority": 0.3032341003417969, "metrics/max_priority": 0.6954208016395569, "metrics/mean_td_error_w": 0.1480863392353058, "losses/critic_loss": 0.0011742501461412757, "metrics/epsilon": 0.01, "charts/timesteps_per_episode": 7, "charts/episode_time": 1.5936280488967896, "metrics/scalarized_episode_return": 1.6954031726724552, "metrics/discounted_scalarized_episode_return": 1.4736623308250394, "metrics/episode_return_obj_0": 11.5, "metrics/disc_episode_return_obj_0": 10.718751907348633, "metrics/episode_return_obj_1": -7.0, "metrics/disc_episode_return_obj_1": -6.725530624389648, "metrics/policy_index": 5, "eval/scalarized_return": 8.670168119882863, "eval/scalarized_discounted_return": 7.898650700893697, "eval/vec_0": 16.100000381469727, "eval/discounted_vec_0": 14.856189727783203, "eval/vec_1": -9.0, "eval/discounted_vec_1": -8.648275256156921, "eval/hypervolume": 0.0, "eval/sparsity": 4.183239010852567, "eval/eum": 4.6570864023987735, "eval/front": {"_type": "table-file", "sha256": "8bfecee49fe0b12a42e52e238f48a1d0730fedaccf551475638809463c653461", "size": 576, "artifact_path": "wandb-client-artifact://pwc6t46wrsw0d5jyjomyknxbfylplqyki9cb5hkumz5bba4kxgie1f1jonspq50juaazfv0mjf0bpaf7ojrr0lrt31uqt8w43z649to1anz1fv6u5c7vcxcof5cj8pa3:latest/eval/front.table.json", "_latest_artifact_path": "wandb-client-artifact://pwc6t46wrsw0d5jyjomyknxbfylplqyki9cb5hkumz5bba4kxgie1f1jonspq50juaazfv0mjf0bpaf7ojrr0lrt31uqt8w43z649to1anz1fv6u5c7vcxcof5cj8pa3:latest/eval/front.table.json", "path": "media/table/eval/front_920_8bfecee49fe0b12a42e5.table.json", "ncols": 2, "nrows": 13}, "eval/igd": 2.959191504607863, "eval/mul": 4.921786418583871, "eval/Mean Utility - GPI": 4.299911372399657, "iteration": 1}