{"eval/scalarized_return": 0.699999988079071, "eval/scalarized_discounted_return": 0.699999988079071, "global_step": 117, "_timestamp": 1697717697.7092276, "_runtime": 42.04021954536438, "_step": 367, "eval/vec_0": 0.699999988079071, "eval/discounted_vec_0": 0.699999988079071, "eval/vec_1": -1.0, "eval/discounted_vec_1": -1.0, "charts/timesteps_per_episode": 21, "charts/episode_time": 5.993801116943359, "metrics/scalarized_episode_return": 23.700000762939453, "metrics/discounted_scalarized_episode_return": 19.1905517578125, "metrics/episode_return_obj_0": 23.700000762939453, "metrics/disc_episode_return_obj_0": 19.1905517578125, "metrics/episode_return_obj_1": -21.0, "metrics/disc_episode_return_obj_1": -18.83694076538086, "metrics/policy_index": [], "losses/grad_norm": 0.12690949440002441, "metrics/mean_priority": 1.15421462059021, "metrics/max_priority": 6.7440667152404785, "metrics/mean_td_error_w": 2.298698902130127, "losses/critic_loss": 0.017298361286520958, "metrics/epsilon": 0.01}