{"eval/scalarized_return": 0.0, "eval/scalarized_discounted_return": 0.0, "global_step": 4070, "_timestamp": 1697715021.4829056, "_runtime": 547.9371197223663, "_step": 13252, "eval/vec_0": 0.0, "eval/discounted_vec_0": 0.0, "eval/vec_1": -100.0, "eval/discounted_vec_1": -63.39676579833031, "losses/grad_norm": 0.019920090213418007, "metrics/mean_priority": 0.2805024981498718, "metrics/max_priority": 1.0277163982391357, "metrics/mean_td_error_w": 0.13848437368869781, "losses/critic_loss": 0.000840917753521353, "metrics/epsilon": 0.01, "charts/timesteps_per_episode": 1, "charts/episode_time": 0.0019529999699443579, "metrics/scalarized_episode_return": -1.0000000000000002, "metrics/discounted_scalarized_episode_return": -0.9900000095367434, "metrics/episode_return_obj_0": 0.699999988079071, "metrics/disc_episode_return_obj_0": 0.6929999589920044, "metrics/episode_return_obj_1": -1.0, "metrics/disc_episode_return_obj_1": -0.9900000095367432, "metrics/policy_index": 1, "eval/hypervolume": 0.0, "eval/sparsity": 0.0, "eval/eum": -0.14999119710373252, "eval/front": {"_type": "table-file", "sha256": "9204f710ab3dff3e8934f8b09e1743c7906f70fb496e9747ee2ea0c8de30448f", "size": 80, "artifact_path": "wandb-client-artifact://b9r200j6qn6czheeikdli047e7unnzjzi6g5td8wdjakzvksplzzq9tihlfvnk13r8nygrcnffn7pf267dn6zj0a5mrpxri2xd5wdmesecuunz4tt47dd9a9x4r8otkh:latest/eval/front.table.json", "_latest_artifact_path": "wandb-client-artifact://b9r200j6qn6czheeikdli047e7unnzjzi6g5td8wdjakzvksplzzq9tihlfvnk13r8nygrcnffn7pf267dn6zj0a5mrpxri2xd5wdmesecuunz4tt47dd9a9x4r8otkh:latest/eval/front.table.json", "path": "media/table/eval/front_13013_9204f710ab3dff3e8934.table.json", "ncols": 2, "nrows": 1}, "eval/igd": 15.32411393348041, "eval/mul": 19.077976158288003, "eval/Mean Utility - GPI": -0.6984021403488547, "iteration": 1}