{"losses/grad_norm": 0.038167040795087814, "global_step": 5111, "_timestamp": 1697638595.712976, "_runtime": 148.69081592559814, "_step": 1381, "metrics/mean_priority": 0.49135440587997437, "metrics/max_priority": 1.9952584505081177, "metrics/mean_td_error_w": 0.43678921461105347, "losses/critic_loss": 0.003985831700265408, "metrics/epsilon": 0.01, "charts/timesteps_per_episode": 3, "charts/episode_time": 0.5275269746780396, "metrics/scalarized_episode_return": -2.9999999999999982, "metrics/discounted_scalarized_episode_return": -2.940398931503294, "metrics/episode_return_obj_0": 0.699999988079071, "metrics/disc_episode_return_obj_0": 0.679209291934967, "metrics/episode_return_obj_1": -3.0, "metrics/disc_episode_return_obj_1": -2.940398931503296, "metrics/policy_index": 3, "eval/scalarized_return": 15.100000381469718, "eval/scalarized_discounted_return": 14.074187278747553, "eval/vec_0": 15.100000381469727, "eval/discounted_vec_0": 14.074187278747559, "eval/vec_1": -8.0, "eval/discounted_vec_1": -7.725530564785004, "eval/hypervolume": 0.0, "eval/sparsity": 4.999402172446097, "eval/eum": 3.687230814822162, "eval/front": {"_type": "table-file", "sha256": "d9dc73c3310780dc929d7bf8163b8920fe0dcc95340a029d3057c18040a0db94", "size": 329, "artifact_path": "wandb-client-artifact://tter9nu28mn0ee5t0ctdqo5tlfdlkqhbiu82elhw9brqcz56vw0937n08thxwab68tpcgvrixd97jjsuy4rqxrgo6l2akd8hvocbhxlwycxwltoljdkd3yi6cztewd7e:latest/eval/front.table.json", "_latest_artifact_path": "wandb-client-artifact://tter9nu28mn0ee5t0ctdqo5tlfdlkqhbiu82elhw9brqcz56vw0937n08thxwab68tpcgvrixd97jjsuy4rqxrgo6l2akd8hvocbhxlwycxwltoljdkd3yi6cztewd7e:latest/eval/front.table.json", "path": "media/table/eval/front_932_d9dc73c3310780dc929d.table.json", "ncols": 2, "nrows": 7}, "eval/igd": 6.137387535899893, "eval/mul": 8.731122127202035, "eval/Mean Utility - GPI": -0.21418309601652508, "iteration": 1}