{"charts/timesteps_per_episode": 3, "charts/episode_time": 0.011664999648928642, "metrics/scalarized_episode_return": 2.264243993265677, "metrics/discounted_scalarized_episode_return": 2.181358208169841, "global_step": 4529, "_timestamp": 1697626938.2953007, "metrics/episode_return_obj_0": 8.199999809265137, "metrics/disc_episode_return_obj_0": 7.956451416015625, "_runtime": 66.5944516658783, "_step": 7553, "metrics/episode_return_obj_1": -3.0, "metrics/disc_episode_return_obj_1": -2.940398931503296, "metrics/policy_index": [5, 5, 6], "losses/grad_norm": 0.009396789595484734, "metrics/mean_priority": 0.1863401234149933, "metrics/max_priority": 0.6366302371025085, "metrics/mean_td_error_w": 0.07261943817138672, "losses/critic_loss": 0.0005112167564220726, "metrics/epsilon": 0.01, "eval/scalarized_return": -1.0000000000000226, "eval/scalarized_discounted_return": -1.0000000000000226, "eval/vec_0": 0.699999988079071, "eval/discounted_vec_0": 0.699999988079071, "eval/vec_1": -1.0, "eval/discounted_vec_1": -1.0, "eval/hypervolume": 0.0, "eval/sparsity": 57.71021388758467, "eval/eum": 2.7582151450431303, "eval/front": {"_type": "table-file", "sha256": "7eb7be995e9e25da11390b02c4f96a75a73e289d55a922cb9705890a10d64dbb", "size": 121, "artifact_path": "wandb-client-artifact://roblqfs2wt8escut53nux6pa356fc68kycnhn9ikdri8gkwgnfj6a3qrd8e1rd83gwz3mjjzudarpt3u1bt522ad77srnt2tyygtvv7sr99iasn6dy0emxdsv0hzfdwc:latest/eval/front.table.json", "_latest_artifact_path": "wandb-client-artifact://roblqfs2wt8escut53nux6pa356fc68kycnhn9ikdri8gkwgnfj6a3qrd8e1rd83gwz3mjjzudarpt3u1bt522ad77srnt2tyygtvv7sr99iasn6dy0emxdsv0hzfdwc:latest/eval/front.table.json", "path": "media/table/eval/front_6917_7eb7be995e9e25da1139.table.json", "ncols": 2, "nrows": 2}, "eval/igd": 8.92453572143558, "eval/mul": 11.741156688359261, "eval/Mean Utility - GPI": 2.7215922589343524, "iteration": 1}