{"charts/timesteps_per_episode": 21, "charts/episode_time": 0.09346000105142593, "metrics/scalarized_episode_return": 5.30639932802587, "metrics/discounted_scalarized_episode_return": 3.542620457983622, "global_step": 1000, "_timestamp": 1697633450.0739381, "metrics/episode_return_obj_0": 23.700000762939453, "metrics/disc_episode_return_obj_0": 19.1905517578125, "_runtime": 44.20332217216492, "_step": 160, "metrics/episode_return_obj_1": -21.0, "metrics/disc_episode_return_obj_1": -18.83694076538086, "metrics/policy_index": [], "losses/grad_norm": 0.01227891817688942, "metrics/mean_priority": 0.24118497967720032, "metrics/max_priority": 0.5745914578437805, "metrics/mean_td_error_w": 0.10400879383087158, "losses/critic_loss": 0.001005941303446889, "metrics/epsilon": 0.01, "_wandb": {"runtime": 43}}