{"charts/timesteps_per_episode": 1, "charts/episode_time": 0.0016550000291317701, "metrics/scalarized_episode_return": 0.699999988079071, "metrics/discounted_scalarized_episode_return": 0.6929999589920044, "global_step": 253, "_timestamp": 1697619815.3104892, "metrics/episode_return_obj_0": 0.699999988079071, "metrics/disc_episode_return_obj_0": 0.6929999589920044, "_runtime": 2.573780059814453, "_step": 189, "metrics/episode_return_obj_1": -1.0, "metrics/disc_episode_return_obj_1": -0.9900000095367432, "metrics/policy_index": 0, "losses/grad_norm": 0.04002561792731285, "metrics/mean_priority": 0.3712349534034729, "metrics/max_priority": 2.003086805343628, "metrics/mean_td_error_w": 0.27852070331573486, "losses/critic_loss": 0.0017830724827945232, "metrics/epsilon": 0.01}