{"eval/scalarized_return": 0.0, "eval/scalarized_discounted_return": 0.0, "global_step": 348, "_timestamp": 1697716350.671357, "_runtime": 115.29822993278503, "_step": 1058, "eval/vec_0": 0.0, "eval/discounted_vec_0": 0.0, "eval/vec_1": -100.0, "eval/discounted_vec_1": -63.39677047729492, "losses/grad_norm": 0.0024999999441206455, "metrics/mean_priority": 0.06309573352336884, "metrics/max_priority": 0.06309572607278824, "metrics/mean_td_error_w": 0.0, "losses/critic_loss": 0.004699466750025749, "metrics/epsilon": 0.01, "charts/timesteps_per_episode": 100, "charts/episode_time": 31.045684814453125, "metrics/scalarized_episode_return": 0.0, "metrics/discounted_scalarized_episode_return": 0.0, "metrics/episode_return_obj_0": 0.0, "metrics/disc_episode_return_obj_0": 0.0, "metrics/episode_return_obj_1": -100.0, "metrics/disc_episode_return_obj_1": -62.762794494628906, "metrics/policy_index": {"_type": "histogram", "values": [0, 0, 0, 0, 0, 0, 0, 0, 0, 0, 0, 0, 0, 0, 0, 0, 100, 0, 0, 0, 0, 0, 0, 0, 0, 0, 0, 0, 0, 0, 0, 0], "bins": [-0.5, -0.46875, -0.4375, -0.40625, -0.375, -0.34375, -0.3125, -0.28125, -0.25, -0.21875, -0.1875, -0.15625, -0.125, -0.09375, -0.0625, -0.03125, 0.0, 0.03125, 0.0625, 0.09375, 0.125, 0.15625, 0.1875, 0.21875, 0.25, 0.28125, 0.3125, 0.34375, 0.375, 0.40625, 0.4375, 0.46875, 0.5]}}