{"losses/grad_norm": 0.053518615663051605, "global_step": 3780, "_timestamp": 1697638865.1640868, "_runtime": 89.47024273872375, "_step": 880, "metrics/mean_priority": 0.29345816373825073, "metrics/max_priority": 0.8425920605659485, "metrics/mean_td_error_w": 0.14616316556930542, "losses/critic_loss": 0.0010562548413872719, "metrics/epsilon": 0.01, "charts/timesteps_per_episode": 9, "charts/episode_time": 0.10909300297498703, "metrics/scalarized_episode_return": 2.742957746478875, "metrics/discounted_scalarized_episode_return": 2.339263801843349, "metrics/episode_return_obj_0": 14.0, "metrics/disc_episode_return_obj_0": 12.789241790771484, "metrics/episode_return_obj_1": -9.0, "metrics/disc_episode_return_obj_1": -8.561792373657227, "metrics/policy_index": 0, "eval/scalarized_return": 3.591312358558615, "eval/scalarized_discounted_return": 3.5075826388494122, "eval/vec_0": 8.199999809265137, "eval/discounted_vec_0": 8.036819458007812, "eval/vec_1": -3.0, "eval/discounted_vec_1": -2.970099985599518}