{"eval/scalarized_return": 0.699999988079071, "eval/scalarized_discounted_return": 0.6985999941825867, "global_step": 5427, "_timestamp": 1697708130.0968218, "_runtime": 317.1433696746826, "_step": 17833, "eval/vec_0": 0.699999988079071, "eval/discounted_vec_0": 0.6985999941825867, "eval/vec_1": -1.2, "eval/discounted_vec_1": -1.1980000019073487, "losses/grad_norm": 0.007713225204497576, "metrics/mean_priority": 0.31507012248039246, "metrics/max_priority": 3.236943006515503, "metrics/mean_td_error_w": 0.2787609100341797, "losses/critic_loss": 0.0011883222468895838, "metrics/epsilon": 0.01, "charts/timesteps_per_episode": 21, "charts/episode_time": 5.568664073944092, "metrics/scalarized_episode_return": 23.700000762939453, "metrics/discounted_scalarized_episode_return": 19.1905517578125, "metrics/episode_return_obj_0": 23.700000762939453, "metrics/disc_episode_return_obj_0": 19.1905517578125, "metrics/episode_return_obj_1": -21.0, "metrics/disc_episode_return_obj_1": -18.83694076538086, "metrics/policy_index": 1, "eval/hypervolume": 0.0, "eval/sparsity": 0.0, "eval/eum": -0.14999119710373252, "eval/front": {"_type": "table-file", "sha256": "9204f710ab3dff3e8934f8b09e1743c7906f70fb496e9747ee2ea0c8de30448f", "size": 80, "artifact_path": "wandb-client-artifact://wyd2rancru345mvf56h6s2qh2ji8k5mvzmjb4jwkjwgmyyyvxjwo4601k5878gj33qdcn38emekj0rdokqsupow2qtadnvuwx3ba56cm6iu30e59jdwku7ph1avv41kc:latest/eval/front.table.json", "_latest_artifact_path": "wandb-client-artifact://wyd2rancru345mvf56h6s2qh2ji8k5mvzmjb4jwkjwgmyyyvxjwo4601k5878gj33qdcn38emekj0rdokqsupow2qtadnvuwx3ba56cm6iu30e59jdwku7ph1avv41kc:latest/eval/front.table.json", "path": "media/table/eval/front_12851_9204f710ab3dff3e8934.table.json", "ncols": 2, "nrows": 1}, "eval/igd": 15.32411393348041, "eval/mul": 19.077976158288003, "eval/Mean Utility - GPI": -0.15538637238453681, "iteration": 1}