{"eval/scalarized_return": 0.0, "eval/scalarized_discounted_return": 0.0, "global_step": 86, "_timestamp": 1697716496.4907296, "_runtime": 110.65433645248413, "_step": 257, "eval/vec_0": 0.0, "eval/discounted_vec_0": 0.0, "eval/vec_1": -100.0, "eval/discounted_vec_1": -63.39677047729492}