{"eval/scalarized_return": 0.0, "eval/scalarized_discounted_return": 0.0, "global_step": 49, "_timestamp": 1697717645.2370703, "_runtime": 59.06847143173218, "_step": 152, "eval/vec_0": 0.0, "eval/discounted_vec_0": 0.0, "eval/vec_1": -100.0, "eval/discounted_vec_1": -63.39677047729492, "charts/timesteps_per_episode": 21, "charts/episode_time": 31.699323654174805, "metrics/scalarized_episode_return": 23.700000762939453, "metrics/discounted_scalarized_episode_return": 19.1905517578125, "metrics/episode_return_obj_0": 23.700000762939453, "metrics/disc_episode_return_obj_0": 19.1905517578125, "metrics/episode_return_obj_1": -21.0, "metrics/disc_episode_return_obj_1": -18.83694076538086, "metrics/policy_index": []}