{"eval/scalarized_return": 0.699999988079071, "eval/scalarized_discounted_return": 0.699999988079071, "global_step": 2520, "_timestamp": 1697717879.5023608, "_runtime": 88.21535181999207, "_step": 7969, "eval/vec_0": 0.699999988079071, "eval/discounted_vec_0": 0.699999988079071, "eval/vec_1": -1.0, "eval/discounted_vec_1": -1.0, "charts/timesteps_per_episode": 21, "charts/episode_time": 0.3536069989204407, "metrics/scalarized_episode_return": 23.700000762939453, "metrics/discounted_scalarized_episode_return": 19.1905517578125, "metrics/episode_return_obj_0": 23.700000762939453, "metrics/disc_episode_return_obj_0": 19.1905517578125, "metrics/episode_return_obj_1": -21.0, "metrics/disc_episode_return_obj_1": -18.83694076538086, "metrics/policy_index": [], "losses/grad_norm": 0.006017863284796476, "metrics/mean_priority": 0.18371334671974182, "metrics/max_priority": 0.47357678413391113, "metrics/mean_td_error_w": 0.06843504309654236, "losses/critic_loss": 0.0005499074468389153, "metrics/epsilon": 0.01}