{"eval/scalarized_return": 0.0, "eval/scalarized_discounted_return": 0.0, "global_step": 36, "_timestamp": 1697716139.2075872, "_runtime": 58.27135920524597, "_step": 107, "eval/vec_0": 0.0, "eval/discounted_vec_0": 0.0, "eval/vec_1": -100.0, "eval/discounted_vec_1": -63.39677047729492}