{"charts/timesteps_per_episode": 1, "charts/episode_time": 0.002007999923080206, "metrics/scalarized_episode_return": 0.699999988079071, "metrics/discounted_scalarized_episode_return": 0.6929999589920044, "global_step": 200, "_timestamp": 1697619719.1362338, "metrics/episode_return_obj_0": 0.699999988079071, "metrics/disc_episode_return_obj_0": 0.6929999589920044, "_runtime": 3.4304707050323486, "_step": 198, "metrics/episode_return_obj_1": -1.0, "metrics/disc_episode_return_obj_1": -0.9900000095367432, "metrics/policy_index": 0, "losses/grad_norm": 0.06718458980321884, "metrics/mean_priority": 0.24470995366573334, "metrics/max_priority": 0.6947013735771179, "metrics/mean_td_error_w": 0.10557802021503448, "metrics/mean_gpriority": 0.2605472803115845, "metrics/max_gpriority": 0.7881955504417419, "metrics/mean_gtd_error_w": 0.11779110133647919, "metrics/mean_absolute_diff_gtd_td": 0.03496881574392319, "losses/critic_loss": 0.0011609920766204596, "metrics/epsilon": 0.01}