{"charts/timesteps_per_episode": 1, "charts/episode_time": 0.0014410000294446945, "metrics/scalarized_episode_return": 0.699999988079071, "metrics/discounted_scalarized_episode_return": 0.6929999589920044, "global_step": 173, "_timestamp": 1697619957.3021028, "metrics/episode_return_obj_0": 0.699999988079071, "metrics/disc_episode_return_obj_0": 0.6929999589920044, "_runtime": 2.0935468673706055, "_step": 154, "metrics/episode_return_obj_1": -1.0, "metrics/disc_episode_return_obj_1": -0.9900000095367432, "metrics/policy_index": 0, "losses/grad_norm": 0.14843639731407166, "metrics/mean_priority": 1.147027611732483, "metrics/max_priority": 1.5877459049224854, "metrics/mean_td_error_w": 1.2732584476470947, "losses/critic_loss": 0.008954094722867012, "metrics/epsilon": 0.01}