{"charts/timesteps_per_episode": 3, "charts/episode_time": 0.012455999851226807, "metrics/scalarized_episode_return": -3.0, "metrics/discounted_scalarized_episode_return": -2.940398931503296, "global_step": 276, "_timestamp": 1697619467.2345543, "metrics/episode_return_obj_0": 0.699999988079071, "metrics/disc_episode_return_obj_0": 0.679209291934967, "_runtime": 3.5576133728027344, "_step": 303, "metrics/episode_return_obj_1": -3.0, "metrics/disc_episode_return_obj_1": -2.940398931503296, "metrics/policy_index": 0, "losses/grad_norm": 0.08782295137643814, "metrics/mean_priority": 0.8256101012229919, "metrics/max_priority": 3.771306276321411, "metrics/mean_td_error_w": 1.331172227859497, "metrics/mean_gpriority": 0.886726975440979, "metrics/max_gpriority": 3.771306276321411, "metrics/mean_gtd_error_w": 1.3731563091278076, "metrics/mean_absolute_diff_gtd_td": 0.13085395097732544, "losses/critic_loss": 0.0064535969868302345, "metrics/epsilon": 0.01, "dynamics/mean_holdout_loss": 1.3109007120132445}