{"losses/grad_norm": 0.009691145271062851, "global_step": 10838, "_timestamp": 1697640901.4318185, "_runtime": 1726.0000524520874, "_step": 5092, "metrics/mean_priority": 0.2284691333770752, "metrics/max_priority": 1.4725899696350098, "metrics/mean_td_error_w": 0.09830004721879959, "losses/critic_loss": 0.0007432145299389959, "metrics/epsilon": 0.01, "charts/timesteps_per_episode": 9, "charts/episode_time": 2.134766101837158, "metrics/scalarized_episode_return": 1.8107940292576297, "metrics/discounted_scalarized_episode_return": 1.4739307856158854, "metrics/episode_return_obj_0": 14.0, "metrics/disc_episode_return_obj_0": 12.789241790771484, "metrics/episode_return_obj_1": -9.0, "metrics/disc_episode_return_obj_1": -8.561792373657227, "metrics/policy_index": [1, 3], "eval/scalarized_return": 0.0, "eval/scalarized_discounted_return": 0.0, "eval/vec_0": 0.0, "eval/discounted_vec_0": 0.0, "eval/vec_1": -100.0, "eval/discounted_vec_1": -63.39676579833031, "eval/hypervolume": 0.0, "eval/sparsity": 4.986759857607105, "eval/eum": 4.515108766339959, "eval/front": {"_type": "table-file", "sha256": "a26a04fe7b122cdc4283d9d930c9d1a9673df6fd7c69435aeb62ebeebd62c3a8", "size": 495, "artifact_path": "wandb-client-artifact://f7i2a0khsvmx62lxd9r3xk82uh71ywokc7zt659p3p7dg4fv1meohuevhqg1fhpjnbivy2u803d843t2moh7yw8obc7wdnme7opaexefrxmxj2c08yml8uwzykwqjxi9:latest/eval/front.table.json", "_latest_artifact_path": "wandb-client-artifact://f7i2a0khsvmx62lxd9r3xk82uh71ywokc7zt659p3p7dg4fv1meohuevhqg1fhpjnbivy2u803d843t2moh7yw8obc7wdnme7opaexefrxmxj2c08yml8uwzykwqjxi9:latest/eval/front.table.json", "path": "media/table/eval/front_3137_a26a04fe7b122cdc4283.table.json", "ncols": 2, "nrows": 11}, "eval/igd": 3.310416671453619, "eval/mul": 5.569680896428109, "eval/Mean Utility - GPI": -4.141029765065767, "iteration": 2}