{"charts/timesteps_per_episode": 1, "charts/episode_time": 0.002203000010922551, "metrics/scalarized_episode_return": -1.0, "metrics/discounted_scalarized_episode_return": -0.9900000095367432, "global_step": 2795, "_timestamp": 1697622488.099852, "metrics/episode_return_obj_0": 0.699999988079071, "metrics/disc_episode_return_obj_0": 0.6929999589920044, "_runtime": 18.14224410057068, "_step": 5267, "metrics/episode_return_obj_1": -1.0, "metrics/disc_episode_return_obj_1": -0.9900000095367432, "metrics/policy_index": 1, "losses/grad_norm": 0.020233357325196266, "metrics/mean_priority": 0.21296744048595428, "metrics/max_priority": 0.8215601444244385, "metrics/mean_td_error_w": 0.09819012880325317, "losses/critic_loss": 0.0005860333330929279, "metrics/epsilon": 0.01, "eval/scalarized_return": 0.699999988079071, "eval/scalarized_discounted_return": 0.6944140195846558, "eval/vec_0": 0.699999988079071, "eval/discounted_vec_0": 0.6944140195846558, "eval/vec_1": -1.7999999523162842, "eval/discounted_vec_1": -1.7900199890136719}