{"losses/grad_norm": 0.003169799456372857, "global_step": 40000, "_timestamp": 1697651543.2723987, "_runtime": 10633.136127710342, "_step": 26995, "metrics/mean_priority": 0.1605146825313568, "metrics/max_priority": 0.9808028340339661, "metrics/mean_td_error_w": 0.06213841587305069, "losses/critic_loss": 0.0005980107438517734, "metrics/epsilon": 0.01, "charts/timesteps_per_episode": 1, "charts/episode_time": 0.0039059999398887157, "metrics/scalarized_episode_return": -0.9999999999999954, "metrics/discounted_scalarized_episode_return": -0.9900000095367386, "metrics/episode_return_obj_0": 0.699999988079071, "metrics/disc_episode_return_obj_0": 0.6929999589920044, "metrics/episode_return_obj_1": -1.0, "metrics/disc_episode_return_obj_1": -0.9900000095367432, "metrics/policy_index": 3, "eval/scalarized_return": -38.412106272254164, "eval/scalarized_discounted_return": -24.143036865766838, "eval/vec_0": 2.8, "eval/discounted_vec_0": 2.63614444732666, "eval/vec_1": -81.4, "eval/discounted_vec_1": -52.07610567808151, "eval/hypervolume": 0.0, "eval/sparsity": 5.130960922040589, "eval/eum": 4.486108474294396, "eval/front": {"_type": "table-file", "sha256": "50b5987d2b259aa15a34e14fc8029f43b23a8325f4ac5b2790626c1198c282dc", "size": 415, "artifact_path": "wandb-client-artifact://ah9d8s8tfoqj5p9xlwsy437g8zuay21fgd3l4sptyiflt22ut5ydib2gsiuvfrshwueizu1ps2y12aomt2w5f5md3f3rkh8d3ka4169zxf41kq3riummo61thgw0n8mi:latest/eval/front.table.json", "_latest_artifact_path": "wandb-client-artifact://ah9d8s8tfoqj5p9xlwsy437g8zuay21fgd3l4sptyiflt22ut5ydib2gsiuvfrshwueizu1ps2y12aomt2w5f5md3f3rkh8d3ka4169zxf41kq3riummo61thgw0n8mi:latest/eval/front.table.json", "path": "media/table/eval/front_26993_50b5987d2b259aa15a34.table.json", "ncols": 2, "nrows": 9}, "eval/igd": 3.4266343265028896, "eval/mul": 5.703788867619515, "eval/Mean Utility - GPI": -6.305071673417646, "iteration": 10, "_wandb": {"runtime": 10632}}