{"charts/timesteps_per_episode": 21, "charts/episode_time": 0.11607400327920914, "metrics/scalarized_episode_return": 5.30639932802587, "metrics/discounted_scalarized_episode_return": 3.542620457983622, "global_step": 1000, "_timestamp": 1697633834.6607776, "metrics/episode_return_obj_0": 23.700000762939453, "metrics/disc_episode_return_obj_0": 19.1905517578125, "_runtime": 44.47804665565491, "_step": 163, "metrics/episode_return_obj_1": -21.0, "metrics/disc_episode_return_obj_1": -18.83694076538086, "metrics/policy_index": [], "losses/grad_norm": 0.01227891817688942, "metrics/mean_priority": 0.24118497967720032, "metrics/max_priority": 0.5745914578437805, "metrics/mean_td_error_w": 0.10400879383087158, "losses/critic_loss": 0.001005941303446889, "metrics/epsilon": 0.01, "eval/scalarized_return": 0.6999999880790726, "eval/scalarized_discounted_return": 0.6999999880790726, "eval/vec_0": 0.699999988079071, "eval/discounted_vec_0": 0.699999988079071, "eval/vec_1": -1.0, "eval/discounted_vec_1": -1.0, "_wandb": {"runtime": 44}}