{"eval/scalarized_return": 0.699999988079071, "eval/scalarized_discounted_return": 0.699999988079071, "global_step": 1596, "_timestamp": 1697717142.7578917, "_runtime": 87.41923975944519, "_step": 5015, "eval/vec_0": 0.699999988079071, "eval/discounted_vec_0": 0.699999988079071, "eval/vec_1": -1.0, "eval/discounted_vec_1": -1.0, "charts/timesteps_per_episode": 21, "charts/episode_time": 0.36394500732421875, "metrics/scalarized_episode_return": 23.700000762939453, "metrics/discounted_scalarized_episode_return": 19.1905517578125, "metrics/episode_return_obj_0": 23.700000762939453, "metrics/disc_episode_return_obj_0": 19.1905517578125, "metrics/episode_return_obj_1": -21.0, "metrics/disc_episode_return_obj_1": -18.83694076538086, "metrics/policy_index": [], "losses/grad_norm": 0.15957334637641907, "metrics/mean_priority": 0.6407616138458252, "metrics/max_priority": 4.563283920288086, "metrics/mean_td_error_w": 0.9378737807273865, "losses/critic_loss": 0.00534506980329752, "metrics/epsilon": 0.7}