{"eval/scalarized_return": -99.99999999999997, "eval/scalarized_discounted_return": -63.39676579833029, "global_step": 8057, "_timestamp": 1697718941.3063273, "_runtime": 946.7724993228912, "_step": 4366, "eval/vec_0": 0.0, "eval/discounted_vec_0": 0.0, "eval/vec_1": -100.0, "eval/discounted_vec_1": -63.39676579833031, "charts/timesteps_per_episode": 3, "charts/episode_time": 0.5455319881439209, "metrics/scalarized_episode_return": -2.999999999999999, "metrics/discounted_scalarized_episode_return": -2.9403989315032955, "metrics/episode_return_obj_0": 0.699999988079071, "metrics/disc_episode_return_obj_0": 0.679209291934967, "metrics/episode_return_obj_1": -3.0, "metrics/disc_episode_return_obj_1": -2.940398931503296, "metrics/policy_index": [], "losses/grad_norm": 0.004278437700122595, "metrics/mean_priority": 0.17330285906791687, "metrics/max_priority": 0.4369428753852844, "metrics/mean_td_error_w": 0.06064855307340622, "losses/critic_loss": 0.000330268191464711, "metrics/epsilon": 0.01, "eval/hypervolume": 0.0, "eval/sparsity": 0.0, "eval/eum": -0.14999119710373252, "eval/front": {"_type": "table-file", "sha256": "9204f710ab3dff3e8934f8b09e1743c7906f70fb496e9747ee2ea0c8de30448f", "size": 80, "artifact_path": "wandb-client-artifact://1pboqpdgzp96wnkpllavcpiezpxfnavjl5fj46211hy4jiby260usi3kh2zcnm593v6bni22lm4h2fvg6k1c2tq075a273u6undjshib4u0fmwlie21ji5ykral20zah:latest/eval/front.table.json", "_latest_artifact_path": "wandb-client-artifact://1pboqpdgzp96wnkpllavcpiezpxfnavjl5fj46211hy4jiby260usi3kh2zcnm593v6bni22lm4h2fvg6k1c2tq075a273u6undjshib4u0fmwlie21ji5ykral20zah:latest/eval/front.table.json", "path": "media/table/eval/front_4292_9204f710ab3dff3e8934.table.json", "ncols": 2, "nrows": 1}, "eval/igd": 15.32411393348041, "eval/mul": 19.077976158288003, "eval/Mean Utility - GPI": -24.02807878560114, "iteration": 2}