{"charts/timesteps_per_episode": 15, "charts/episode_time": 1.0255359411239624, "metrics/scalarized_episode_return": 8.034525722297658, "metrics/discounted_scalarized_episode_return": 6.591492597671896, "global_step": 5012, "_timestamp": 1697637280.4896257, "metrics/episode_return_obj_0": 19.600000381469727, "metrics/disc_episode_return_obj_0": 16.85714340209961, "_runtime": 81.79722166061401, "_step": 1243, "metrics/episode_return_obj_1": -15.0, "metrics/disc_episode_return_obj_1": -13.854222297668457, "metrics/policy_index": 4, "losses/grad_norm": 0.021540962159633636, "metrics/mean_priority": 0.3460465669631958, "metrics/max_priority": 1.1200413703918457, "metrics/mean_td_error_w": 0.1906248927116394, "losses/critic_loss": 0.0014535198046360166, "metrics/epsilon": 0.01, "eval/scalarized_return": 7.29893192634407, "eval/scalarized_discounted_return": 6.730712292738529, "eval/vec_0": 14.88000030517578, "eval/discounted_vec_0": 13.895494270324708, "eval/vec_1": -7.8, "eval/discounted_vec_1": -7.539117491245269, "eval/hypervolume": 0.0, "eval/sparsity": 0.511546547126592, "eval/eum": 3.4624324403226607, "eval/front": {"_type": "table-file", "sha256": "6425040c8b688b7365f2f84058f901b0b2d21f565a659a63c34ad9a2cc59966c", "size": 300, "artifact_path": "wandb-client-artifact://yqlakc99ewvxirxrzwrd0ta5r2y828iffsm9rwi99dhhzta4nqyocxsxg9025524qo7lm5s1ut3gmc4x5aglcvofs3pu6uo1dag7wtvrvnozafoyt71rg76vd2vero67:latest/eval/front.table.json", "_latest_artifact_path": "wandb-client-artifact://yqlakc99ewvxirxrzwrd0ta5r2y828iffsm9rwi99dhhzta4nqyocxsxg9025524qo7lm5s1ut3gmc4x5aglcvofs3pu6uo1dag7wtvrvnozafoyt71rg76vd2vero67:latest/eval/front.table.json", "path": "media/table/eval/front_947_6425040c8b688b7365f2.table.json", "ncols": 2, "nrows": 6}, "eval/igd": 6.897059922732145, "eval/mul": 8.731122127202035, "eval/Mean Utility - GPI": -12.194528750833674, "iteration": 1}