{"charts/timesteps_per_episode": 21, "charts/episode_time": 1.5823060274124146, "metrics/scalarized_episode_return": -2.5693232782634974, "metrics/discounted_scalarized_episode_return": -2.977454768243182, "global_step": 8088, "_timestamp": 1697627439.2792227, "metrics/episode_return_obj_0": 15.100000381469727, "metrics/disc_episode_return_obj_0": 12.22689151763916, "_runtime": 321.70000076293945, "_step": 9808, "metrics/episode_return_obj_1": -21.0, "metrics/disc_episode_return_obj_1": -18.83694076538086, "metrics/policy_index": [2, 2, 2, 2, 2, 2, 2, 2, 2, 2, 2, 2, 6, 2, 2, 4, 0, 0, 1, 5, 5], "losses/grad_norm": 0.011184468865394592, "metrics/mean_priority": 0.17049148678779602, "metrics/max_priority": 0.6945248246192932, "metrics/mean_td_error_w": 0.059834349900484085, "losses/critic_loss": 0.0005602235542028211, "metrics/epsilon": 0.01, "eval/scalarized_return": 3.7214461791290097, "eval/scalarized_discounted_return": 3.404257447792717, "eval/vec_0": 14.0, "eval/discounted_vec_0": 13.1807222366333, "eval/vec_1": -7.0, "eval/discounted_vec_1": -6.793465197086334, "eval/hypervolume": 0.0, "eval/sparsity": 8.0765493353686, "eval/eum": 4.670032480155503, "eval/front": {"_type": "table-file", "sha256": "233491ce918c5a337cb602903a9ae929e3a95452a75d6839358be019843af29a", "size": 457, "artifact_path": "wandb-client-artifact://w59rvdp816wire5r479xevyuswj1g2isxjqxran5cjpeneqpyd78k1cegf49xwvfkdqbpitevuh27zm6akbtb2qcogjllwiv7s7mvl01fota2g1hkhmoh5f2zs9ghx1r:latest/eval/front.table.json", "_latest_artifact_path": "wandb-client-artifact://w59rvdp816wire5r479xevyuswj1g2isxjqxran5cjpeneqpyd78k1cegf49xwvfkdqbpitevuh27zm6akbtb2qcogjllwiv7s7mvl01fota2g1hkhmoh5f2zs9ghx1r:latest/eval/front.table.json", "path": "media/table/eval/front_9779_233491ce918c5a337cb6.table.json", "ncols": 2, "nrows": 10}, "eval/igd": 2.8005179870474373, "eval/mul": 4.921786418583871, "eval/Mean Utility - GPI": 3.9929744818229973, "iteration": 2}