{"charts/timesteps_per_episode": 1, "charts/episode_time": 0.001484000007621944, "metrics/scalarized_episode_return": 0.699999988079071, "metrics/discounted_scalarized_episode_return": 0.6929999589920044, "global_step": 380, "_timestamp": 1697542649.349566, "metrics/episode_return_obj_0": 0.699999988079071, "metrics/disc_episode_return_obj_0": 0.6929999589920044, "_runtime": 4.6657209396362305, "_step": 420, "metrics/episode_return_obj_1": -1.0, "metrics/disc_episode_return_obj_1": -0.9900000095367432, "metrics/policy_index": 1, "losses/grad_norm": 0.07187308371067047, "metrics/mean_priority": 0.24062521755695343, "metrics/max_priority": 0.8073870539665222, "metrics/mean_td_error_w": 0.1082095354795456, "metrics/mean_gpriority": 0.2843891978263855, "metrics/max_gpriority": 0.7476257085800171, "metrics/mean_gtd_error_w": 0.1501162350177765, "metrics/mean_absolute_diff_gtd_td": 0.07094655185937881, "losses/critic_loss": 0.000697346986271441, "metrics/epsilon": 0.01, "dynamics/mean_holdout_loss": 0.7080539107322693}