{"charts/timesteps_per_episode": 9, "charts/episode_time": 0.6553040146827698, "metrics/scalarized_episode_return": 4.585756385780834, "metrics/discounted_scalarized_episode_return": 4.033134918308763, "global_step": 8322, "_timestamp": 1697626670.1904838, "metrics/episode_return_obj_0": 16.100000381469727, "metrics/disc_episode_return_obj_0": 14.70762825012207, "_runtime": 332.03236269950867, "_step": 7699, "metrics/episode_return_obj_1": -9.0, "metrics/disc_episode_return_obj_1": -8.561792373657227, "metrics/policy_index": [0, 7, 7, 10, 10, 2, 10, 3, 5], "losses/grad_norm": 0.006287611089646816, "metrics/mean_priority": 0.1961955428123474, "metrics/max_priority": 0.9794117212295532, "metrics/mean_td_error_w": 0.07627832889556885, "losses/critic_loss": 0.0006667303416179494, "metrics/epsilon": 0.01, "eval/scalarized_return": 3.2200000762939522, "eval/scalarized_discounted_return": 2.9121103286743226, "eval/vec_0": 3.220000076293945, "eval/discounted_vec_0": 2.9121103286743164, "eval/vec_1": -82.2, "eval/discounted_vec_1": -52.810647547245026}