{"eval/scalarized_return": 0.699999988079071, "eval/scalarized_discounted_return": 0.6985999941825867, "global_step": 5560, "_timestamp": 1697717048.0199542, "_runtime": 346.5526542663574, "_step": 17671, "eval/vec_0": 0.699999988079071, "eval/discounted_vec_0": 0.6985999941825867, "eval/vec_1": -1.2000000476837158, "eval/discounted_vec_1": -1.1979999542236328, "charts/timesteps_per_episode": 21, "charts/episode_time": 5.579346179962158, "metrics/scalarized_episode_return": 23.700000762939453, "metrics/discounted_scalarized_episode_return": 19.1905517578125, "metrics/episode_return_obj_0": 23.700000762939453, "metrics/disc_episode_return_obj_0": 19.1905517578125, "metrics/episode_return_obj_1": -21.0, "metrics/disc_episode_return_obj_1": -18.83694076538086, "metrics/policy_index": [], "losses/grad_norm": 0.006213458254933357, "metrics/mean_priority": 0.1846494972705841, "metrics/max_priority": 0.5508121848106384, "metrics/mean_td_error_w": 0.0697355791926384, "losses/critic_loss": 0.0006350585084874183, "metrics/epsilon": 0.01, "eval/hypervolume": 0.0, "eval/sparsity": 0.0, "eval/eum": -0.14999119710373252, "eval/front": {"_type": "table-file", "sha256": "9204f710ab3dff3e8934f8b09e1743c7906f70fb496e9747ee2ea0c8de30448f", "size": 80, "artifact_path": "wandb-client-artifact://oay7vu3dxa7y2vm3oriv81zqbee8e1ivzugzkc6tcormvzac2yami4hhfvuyrh48h4trvm25z9fjbs3610gcm4asi3ch576bfii5ezxfllhmlc4i51ae7i8j86mx8hie:latest/eval/front.table.json", "_latest_artifact_path": "wandb-client-artifact://oay7vu3dxa7y2vm3oriv81zqbee8e1ivzugzkc6tcormvzac2yami4hhfvuyrh48h4trvm25z9fjbs3610gcm4asi3ch576bfii5ezxfllhmlc4i51ae7i8j86mx8hie:latest/eval/front.table.json", "path": "media/table/eval/front_12638_9204f710ab3dff3e8934.table.json", "ncols": 2, "nrows": 1}, "eval/igd": 15.32411393348041, "eval/mul": 19.077976158288003, "eval/Mean Utility - GPI": -2.0900477098100465, "iteration": 1}