{"charts/timesteps_per_episode": 1, "charts/episode_time": 0.0013680000556632876, "metrics/scalarized_episode_return": -1.0, "metrics/discounted_scalarized_episode_return": -0.9900000095367432, "global_step": 2016, "_timestamp": 1697622598.634066, "metrics/episode_return_obj_0": 0.699999988079071, "metrics/disc_episode_return_obj_0": 0.6929999589920044, "_runtime": 12.296550989151001, "_step": 3654, "metrics/episode_return_obj_1": -1.0, "metrics/disc_episode_return_obj_1": -0.9900000095367432, "metrics/policy_index": 0, "losses/grad_norm": 0.010561217553913593, "metrics/mean_priority": 0.10020241141319275, "metrics/max_priority": 0.27862149477005005, "metrics/mean_td_error_w": 0.022803476080298424, "losses/critic_loss": 0.00033470633206889033, "metrics/epsilon": 0.01, "eval/scalarized_return": -1.0, "eval/scalarized_discounted_return": -1.0, "eval/vec_0": 0.699999988079071, "eval/discounted_vec_0": 0.699999988079071, "eval/vec_1": -1.0, "eval/discounted_vec_1": -1.0}