{"losses/grad_norm": 0.042228277772665024, "global_step": 4000, "_timestamp": 1697637480.7823815, "_runtime": 97.68285250663757, "_step": 952, "metrics/mean_priority": 0.3343057930469513, "metrics/max_priority": 0.7665584087371826, "metrics/mean_td_error_w": 0.17630434036254883, "losses/critic_loss": 0.001416603336110711, "metrics/epsilon": 0.01, "charts/timesteps_per_episode": 7, "charts/episode_time": 0.09191100299358368, "metrics/scalarized_episode_return": 1.6954031726724552, "metrics/discounted_scalarized_episode_return": 1.4736623308250394, "metrics/episode_return_obj_0": 11.5, "metrics/disc_episode_return_obj_0": 10.718751907348633, "metrics/episode_return_obj_1": -7.0, "metrics/disc_episode_return_obj_1": -6.725530624389648, "metrics/policy_index": [], "eval/scalarized_return": -48.94366197183109, "eval/scalarized_discounted_return": -31.028698753408207, "eval/vec_0": 0.0, "eval/discounted_vec_0": 0.0, "eval/vec_1": -100.0, "eval/discounted_vec_1": -63.39676579833031}