{"eval/scalarized_return": 0.699999988079071, "eval/scalarized_discounted_return": 0.699999988079071, "global_step": 1967, "_timestamp": 1697717783.0832002, "_runtime": 75.35453414916992, "_step": 6217, "eval/vec_0": 0.699999988079071, "eval/discounted_vec_0": 0.699999988079071, "eval/vec_1": -1.0, "eval/discounted_vec_1": -1.0, "charts/timesteps_per_episode": 21, "charts/episode_time": 0.3520810008049011, "metrics/scalarized_episode_return": 23.700000762939453, "metrics/discounted_scalarized_episode_return": 19.1905517578125, "metrics/episode_return_obj_0": 23.700000762939453, "metrics/disc_episode_return_obj_0": 19.1905517578125, "metrics/episode_return_obj_1": -21.0, "metrics/disc_episode_return_obj_1": -18.83694076538086, "metrics/policy_index": [], "losses/grad_norm": 0.005545489955693483, "metrics/mean_priority": 0.18010400235652924, "metrics/max_priority": 0.43355733156204224, "metrics/mean_td_error_w": 0.06390026211738586, "losses/critic_loss": 0.0011964692967012525, "metrics/epsilon": 0.01}