{"eval/scalarized_return": -0.6291612712860564, "eval/scalarized_discounted_return": -0.6401329012115948, "global_step": 5463, "_timestamp": 1697707805.172449, "_runtime": 337.77353405952454, "_step": 18079, "eval/vec_0": 8.199999809265137, "eval/discounted_vec_0": 8.036819458007812, "eval/vec_1": -3.0, "eval/discounted_vec_1": -2.970099985599518, "losses/grad_norm": 0.012441124767065048, "metrics/mean_priority": 0.32897236943244934, "metrics/max_priority": 1.0294138193130493, "metrics/mean_td_error_w": 0.17400017380714417, "losses/critic_loss": 0.0015634054550901055, "metrics/epsilon": 0.01, "charts/timesteps_per_episode": 21, "charts/episode_time": 6.724945068359375, "metrics/scalarized_episode_return": 23.70000076293944, "metrics/discounted_scalarized_episode_return": 19.19055175781249, "metrics/episode_return_obj_0": 23.700000762939453, "metrics/disc_episode_return_obj_0": 19.1905517578125, "metrics/episode_return_obj_1": -21.0, "metrics/disc_episode_return_obj_1": -18.83694076538086, "metrics/policy_index": 0, "eval/hypervolume": 0.0, "eval/sparsity": 17.933688733579157, "eval/eum": 3.636651237748056, "eval/front": {"_type": "table-file", "sha256": "dc82711a5b8d3e8e137bbc18c4d79955b8f65030cb0ccca1d5d9f26f6c81a9e5", "size": 207, "artifact_path": "wandb-client-artifact://u1il3c3hdv5dneveyvtshglno55vm4dhcmmgsy9419t7sm6091aoxci8gboq0y2bytc30tpfgsjk645whvtv4plnmxnw7lnqni733lnw9disq0i5fcb2v99f6ykysb4q:latest/eval/front.table.json", "_latest_artifact_path": "wandb-client-artifact://u1il3c3hdv5dneveyvtshglno55vm4dhcmmgsy9419t7sm6091aoxci8gboq0y2bytc30tpfgsjk645whvtv4plnmxnw7lnqni733lnw9disq0i5fcb2v99f6ykysb4q:latest/eval/front.table.json", "path": "media/table/eval/front_12965_dc82711a5b8d3e8e137b.table.json", "ncols": 2, "nrows": 4}, "eval/igd": 6.286012802345546, "eval/mul": 8.731122127202035, "eval/Mean Utility - GPI": 3.345849505763295, "iteration": 1}