{"eval/scalarized_return": 0.0, "eval/scalarized_discounted_return": 0.0, "global_step": 2898, "_timestamp": 1697717533.2921667, "_runtime": 124.32636666297913, "_step": 9085, "eval/vec_0": 0.0, "eval/discounted_vec_0": 0.0, "eval/vec_1": -100.0, "eval/discounted_vec_1": -63.39677047729492, "charts/timesteps_per_episode": 31, "charts/episode_time": 5.728271961212158, "metrics/scalarized_episode_return": 22.399999618530273, "metrics/discounted_scalarized_episode_return": 16.403594970703125, "metrics/episode_return_obj_0": 22.399999618530273, "metrics/disc_episode_return_obj_0": 16.403594970703125, "metrics/episode_return_obj_1": -31.0, "metrics/disc_episode_return_obj_1": -26.501962661743164, "metrics/policy_index": 1, "losses/grad_norm": 0.13040399551391602, "metrics/mean_priority": 0.5171282887458801, "metrics/max_priority": 1.7054400444030762, "metrics/mean_td_error_w": 0.40251290798187256, "losses/critic_loss": 0.0034957719035446644, "metrics/epsilon": 0.846}