{"eval/scalarized_return": 0.0, "eval/scalarized_discounted_return": 0.0, "global_step": 443, "_timestamp": 1697716635.1802156, "_runtime": 131.26859259605408, "_step": 1393, "eval/vec_0": 0.0, "eval/discounted_vec_0": 0.0, "eval/vec_1": -100.0, "eval/discounted_vec_1": -63.39677047729492, "charts/timesteps_per_episode": 21, "charts/episode_time": 5.739006042480469, "metrics/scalarized_episode_return": 22.399999618530273, "metrics/discounted_scalarized_episode_return": 18.137903213500977, "metrics/episode_return_obj_0": 22.399999618530273, "metrics/disc_episode_return_obj_0": 18.137903213500977, "metrics/episode_return_obj_1": -21.0, "metrics/disc_episode_return_obj_1": -18.83694076538086, "metrics/policy_index": 1, "losses/grad_norm": 0.018237067386507988, "metrics/mean_priority": 1.6321760416030884, "metrics/max_priority": 6.04583740234375, "metrics/mean_td_error_w": 4.172567367553711, "losses/critic_loss": 0.02055884338915348, "metrics/epsilon": 0.01}