{"eval/scalarized_return": 0.699999988079071, "eval/scalarized_discounted_return": 0.699999988079071, "global_step": 352, "_timestamp": 1697717931.5201275, "_runtime": 43.519415616989136, "_step": 1109, "eval/vec_0": 0.699999988079071, "eval/discounted_vec_0": 0.699999988079071, "eval/vec_1": -1.0, "eval/discounted_vec_1": -1.0, "charts/timesteps_per_episode": 21, "charts/episode_time": 0.36012598872184753, "metrics/scalarized_episode_return": 23.700000762939453, "metrics/discounted_scalarized_episode_return": 19.1905517578125, "metrics/episode_return_obj_0": 23.700000762939453, "metrics/disc_episode_return_obj_0": 19.1905517578125, "metrics/episode_return_obj_1": -21.0, "metrics/disc_episode_return_obj_1": -18.83694076538086, "metrics/policy_index": [], "losses/grad_norm": 0.03337550163269043, "metrics/mean_priority": 1.4360120296478271, "metrics/max_priority": 3.169954299926758, "metrics/mean_td_error_w": 2.7370448112487793, "losses/critic_loss": 0.013709254562854767, "metrics/epsilon": 0.01}